"","lastname","firstname","town","state","state_and_twon"
"1","Young","Don","Fort Yukon","Alaska","Fort Yukon ,  Alaska"
"2","Byrne","Bradley","Fairhope","Alabama","Fairhope ,  Alabama"
"3","Roby","Martha","Montgomery","Alabama","Montgomery ,  Alabama"
"4","Rogers","Mike","Anniston","Alabama","Anniston ,  Alabama"
"5","Aderholt","Robert","Haleyville","Alabama","Haleyville ,  Alabama"
"6","Brooks","Mo","Huntsville","Alabama","Huntsville ,  Alabama"
"7","Palmer","Gary","Hoover","Alabama","Hoover ,  Alabama"
"8","Sewell","Terri","Birmingham","Alabama","Birmingham ,  Alabama"
"9","Crawford","Eric","Jonesboro","Arkansas","Jonesboro ,  Arkansas"
"10","Hill","J.","Little Rock","Arkansas","Little Rock ,  Arkansas"
"11","Womack","Steve","Rogers","Arkansas","Rogers ,  Arkansas"
"12","Westerman","Bruce","Hot Springs","Arkansas","Hot Springs ,  Arkansas"
"13","Radewagen","Aumua Amata","Pago Pago","American Samoa","Pago Pago ,  American Samoa"
"14","Kirkpatrick","Ann","Flagstaff","Arizona","Flagstaff ,  Arizona"
"15","McSally","Martha","Tucson","Arizona","Tucson ,  Arizona"
"16","Grijalva","Raúl","Tucson","Arizona","Tucson ,  Arizona"
"17","Gosar","Paul","Prescott","Arizona","Prescott ,  Arizona"
"18","Salmon","Matt","Mesa","Arizona","Mesa ,  Arizona"
"19","Schweikert","David","Fountain Hills","Arizona","Fountain Hills ,  Arizona"
"20","Gallego","Ruben","Phoenix","Arizona","Phoenix ,  Arizona"
"21","Franks","Trent","Peoria","Arizona","Peoria ,  Arizona"
"22","Sinema","Kyrsten","Phoenix","Arizona","Phoenix ,  Arizona"
"23","LaMalfa","Doug","Oroville","California","Oroville ,  California"
"24","Huffman","Jared","San Rafael","California","San Rafael ,  California"
"25","Garamendi","John","Walnut Grove","California","Walnut Grove ,  California"
"26","McClintock","Tom","Roseville","California","Roseville ,  California"
"27","Thompson","Mike","St. Helena","California","St. Helena ,  California"
"28","Matsui","Doris","Sacramento","California","Sacramento ,  California"
"29","Bera","Ami","Elk Grove","California","Elk Grove ,  California"
"30","Cook","Paul","Yucca Valley","California","Yucca Valley ,  California"
"31","McNerney","Jerry","Stockton","California","Stockton ,  California"
"32","Denham","Jeff","Turlock","California","Turlock ,  California"
"33","DeSaulnier","Mark","Concord","California","Concord ,  California"
"34","Pelosi","Nancy","San Francisco","California","San Francisco ,  California"
"35","Lee","Barbara","Oakland","California","Oakland ,  California"
"36","Speier","Jackie","Hillsborough","California","Hillsborough ,  California"
"37","Swalwell","Eric","Dublin","California","Dublin ,  California"
"38","Costa","Jim","Fresno","California","Fresno ,  California"
"39","Honda","Michael","San José","California","San José ,  California"
"40","Eshoo","Anna","Atherton","California","Atherton ,  California"
"41","Lofgren","Zoe","San Jose","California","San Jose ,  California"
"42","Farr","Sam","Carmel","California","Carmel ,  California"
"43","Valadao","David","Hanford","California","Hanford ,  California"
"44","Nunes","Devin","Tulare","California","Tulare ,  California"
"45","McCarthy","Kevin","Bakersfield","California","Bakersfield ,  California"
"46","Capps","Lois","Santa Barbara","California","Santa Barbara ,  California"
"47","Knight","Stephen","Antelope Valley","California","Antelope Valley ,  California"
"48","Brownley","Julia","Westlake Village","California","Westlake Village ,  California"
"49","Chu","Judy","Monterey Park","California","Monterey Park ,  California"
"50","Schiff","Adam","Burbank","California","Burbank ,  California"
"51","Cárdenas","Tony","Pacoima","California","Pacoima ,  California"
"52","Sherman","Brad","Sherman Oaks","California","Sherman Oaks ,  California"
"53","Aguilar","Pete","Redlands","California","Redlands ,  California"
"54","Napolitano","Grace","Norwalk","California","Norwalk ,  California"
"55","Lieu","Ted","Torrance","California","Torrance ,  California"
"56","Becerra","Xavier","Los Angeles","California","Los Angeles ,  California"
"57","Torres","Norma","Pomona","California","Pomona ,  California"
"58","Ruiz","Raul","Palm Desert","California","Palm Desert ,  California"
"59","Bass","Karen","Los Angeles","California","Los Angeles ,  California"
"60","Sánchez","Linda","Whittier","California","Whittier ,  California"
"61","Royce","Edward","Fullerton","California","Fullerton ,  California"
"62","Roybal-Allard","Lucille","Los Angeles","California","Los Angeles ,  California"
"63","Takano","Mark","Riverside","California","Riverside ,  California"
"64","Calvert","Ken","Corona","California","Corona ,  California"
"65","Waters","Maxine","Los Angeles","California","Los Angeles ,  California"
"66","Hahn","Janice","San Pedro","California","San Pedro ,  California"
"67","Walters","Mimi","Irvine","California","Irvine ,  California"
"68","Sanchez","Loretta","Santa Ana","California","Santa Ana ,  California"
"69","Lowenthal","Alan","Long Beach","California","Long Beach ,  California"
"70","Rohrabacher","Dana","Costa Mesa","California","Costa Mesa ,  California"
"71","Issa","Darrell","Vista","California","Vista ,  California"
"72","Hunter","Duncan","Alpine","California","Alpine ,  California"
"73","Vargas","Juan","Chula Vista","California","Chula Vista ,  California"
"74","Peters","Scott","San Diego","California","San Diego ,  California"
"75","Davis","Susan","San Diego","California","San Diego ,  California"
"76","DeGette","Diana","Denver","Colorado","Denver ,  Colorado"
"77","Polis","Jared","Boulder","Colorado","Boulder ,  Colorado"
"78","Tipton","Scott","Cortez","Colorado","Cortez ,  Colorado"
"79","Buck","Ken","Windsor","Colorado","Windsor ,  Colorado"
"80","Lamborn","Doug","Colorado Springs","Colorado","Colorado Springs ,  Colorado"
"81","Coffman","Mike","Aurora","Colorado","Aurora ,  Colorado"
"82","Perlmutter","Ed","Golden","Colorado","Golden ,  Colorado"
"83","Larson","John","East Hartford","Connecticut","East Hartford ,  Connecticut"
"84","Courtney","Joe","Vernon","Connecticut","Vernon ,  Connecticut"
"85","DeLauro","Rosa","New Haven","Connecticut","New Haven ,  Connecticut"
"86","Himes","James","Cos Cob","Connecticut","Cos Cob ,  Connecticut"
"87","Esty","Elizabeth","Cheshire","Connecticut","Cheshire ,  Connecticut"
"88","Norton","Eleanor","District of Columbia","District of Columbia","District of Columbia ,  District of Columbia"
"89","Carney","John","Wilmington","Delaware","Wilmington ,  Delaware"
"90","Miller","Jeff","Chumuckla","Florida","Chumuckla ,  Florida"
"91","Graham","Gwen","Tallahassee","Florida","Tallahassee ,  Florida"
"92","Yoho","Ted","Gainesville","Florida","Gainesville ,  Florida"
"93","Crenshaw","Ander","Jacksonville","Florida","Jacksonville ,  Florida"
"94","Brown","Corrine","Jacksonville","Florida","Jacksonville ,  Florida"
"95","DeSantis","Ron","Ponte Vedra Beach","Florida","Ponte Vedra Beach ,  Florida"
"96","Mica","John","Winter Park","Florida","Winter Park ,  Florida"
"97","Posey","Bill","Rockledge","Florida","Rockledge ,  Florida"
"98","Grayson","Alan","Orlando","Florida","Orlando ,  Florida"
"99","Webster","Daniel","Orlando","Florida","Orlando ,  Florida"
"100","Nugent","Richard","Spring Hill","Florida","Spring Hill ,  Florida"
"101","Bilirakis","Gus","Palm Harbor","Florida","Palm Harbor ,  Florida"
"102","Jolly","David","Indian Shores","Florida","Indian Shores ,  Florida"
"103","Castor","Kathy","Tampa","Florida","Tampa ,  Florida"
"104","Ross","Dennis","Lakeland","Florida","Lakeland ,  Florida"
"105","Buchanan","Vern","Sarasota","Florida","Sarasota ,  Florida"
"106","Rooney","Thomas","Okeechobee","Florida","Okeechobee ,  Florida"
"107","Murphy","Patrick","Jupiter","Florida","Jupiter ,  Florida"
"108","Clawson","Curt","Bonita Springs","Florida","Bonita Springs ,  Florida"
"109","Hastings","Alcee","Miramar","Florida","Miramar ,  Florida"
"110","Deutch","Theodore","Boca Raton","Florida","Boca Raton ,  Florida"
"111","Frankel","Lois","West Palm Beach","Florida","West Palm Beach ,  Florida"
"112","Wasserman Schultz","Debbie","Weston","Florida","Weston ,  Florida"
"113","Wilson","Frederica","Miami Gardens","Florida","Miami Gardens ,  Florida"
"114","Diaz-Balart","Mario","Miami","Florida","Miami ,  Florida"
"115","Curbelo","Carlos","Miami","Florida","Miami ,  Florida"
"116","Ros-Lehtinen","Ileana","Miami","Florida","Miami ,  Florida"
"117","Carter","Earl","Pooler","Georgia","Pooler ,  Georgia"
"118","Bishop","Sanford","Albany","Georgia","Albany ,  Georgia"
"119","Westmoreland","Lynn","Grantville","Georgia","Grantville ,  Georgia"
"120","Johnson","Henry","Lithonia","Georgia","Lithonia ,  Georgia"
"121","Lewis","John","Atlanta","Georgia","Atlanta ,  Georgia"
"122","Price","Tom","Roswell","Georgia","Roswell ,  Georgia"
"123","Woodall","Rob","Lawrenceville","Georgia","Lawrenceville ,  Georgia"
"124","Scott","Austin","Tifton","Georgia","Tifton ,  Georgia"
"125","Collins","Doug","Gainesville","Georgia","Gainesville ,  Georgia"
"126","Hice","Jody","Monroe","Georgia","Monroe ,  Georgia"
"127","Loudermilk","Barry","Cassville","Georgia","Cassville ,  Georgia"
"128","Allen","Rick","Augusta","Georgia","Augusta ,  Georgia"
"129","Scott","David","Atlanta","Georgia","Atlanta ,  Georgia"
"130","Graves","Tom","Ranger","Georgia","Ranger ,  Georgia"
"131","Bordallo","Madeleine","Hagatna","Guam","Hagatna ,  Guam"
"132","","","","Hawaii"," ,  Hawaii"
"133","Gabbard","Tulsi","Kailua","Hawaii","Kailua ,  Hawaii"
"134","Blum","Rod","Dubuque","Iowa","Dubuque ,  Iowa"
"135","Loebsack","David","Iowa City","Iowa","Iowa City ,  Iowa"
"136","Young","David","Van Meter","Iowa","Van Meter ,  Iowa"
"137","King","Steve","Kiron","Iowa","Kiron ,  Iowa"
"138","Labrador","Raúl","Eagle","Idaho","Eagle ,  Idaho"
"139","Simpson","Michael","Idaho Falls","Idaho","Idaho Falls ,  Idaho"
"140","Rush","Bobby","Chicago","Illinois","Chicago ,  Illinois"
"141","Kelly","Robin","Matteson","Illinois","Matteson ,  Illinois"
"142","Lipinski","Daniel","Western Springs","Illinois","Western Springs ,  Illinois"
"143","Gutiérrez","Luis","Chicago","Illinois","Chicago ,  Illinois"
"144","Quigley","Mike","Chicago","Illinois","Chicago ,  Illinois"
"145","Roskam","Peter","Wheaton","Illinois","Wheaton ,  Illinois"
"146","Davis","Danny","Chicago","Illinois","Chicago ,  Illinois"
"147","Duckworth","Tammy","Hoffman Estates","Illinois","Hoffman Estates ,  Illinois"
"148","Schakowsky","Janice","Evanston","Illinois","Evanston ,  Illinois"
"149","Dold","Robert","Kenilworth","Illinois","Kenilworth ,  Illinois"
"150","Foster","Bill","Naperville","Illinois","Naperville ,  Illinois"
"151","Bost","Mike","Murphysboro","Illinois","Murphysboro ,  Illinois"
"152","Davis","Rodney","Taylorville","Illinois","Taylorville ,  Illinois"
"153","Hultgren","Randy","Plano","Illinois","Plano ,  Illinois"
"154","Shimkus","John","Collinsville","Illinois","Collinsville ,  Illinois"
"155","Kinzinger","Adam","Channahon","Illinois","Channahon ,  Illinois"
"156","Bustos","Cheri","East Moline","Illinois","East Moline ,  Illinois"
"157","LaHood","Darin","Peoria","Illinois","Peoria ,  Illinois"
"158","Visclosky","Peter","Merrillville","Indiana","Merrillville ,  Indiana"
"159","Walorski","Jackie","Elkhart","Indiana","Elkhart ,  Indiana"
"160","Stutzman","Marlin","Howe","Indiana","Howe ,  Indiana"
"161","Rokita","Todd","Clermont","Indiana","Clermont ,  Indiana"
"162","Brooks","Susan","Carmel","Indiana","Carmel ,  Indiana"
"163","Messer","Luke","Greensburg","Indiana","Greensburg ,  Indiana"
"164","Carson","André","Indianapolis","Indiana","Indianapolis ,  Indiana"
"165","Bucshon","Larry","Newburgh","Indiana","Newburgh ,  Indiana"
"166","Young","Todd","Bloomington","Indiana","Bloomington ,  Indiana"
"167","Huelskamp","Tim","Fowler","Kansas","Fowler ,  Kansas"
"168","Jenkins","Lynn","Topeka","Kansas","Topeka ,  Kansas"
"169","Yoder","Kevin","Overland Park","Kansas","Overland Park ,  Kansas"
"170","Pompeo","Mike","Wichita","Kansas","Wichita ,  Kansas"
"171","","","","Kentucky"," ,  Kentucky"
"172","Guthrie","Brett","Bowling Green","Kentucky","Bowling Green ,  Kentucky"
"173","Yarmuth","John","Louisville","Kentucky","Louisville ,  Kentucky"
"174","Massie","Thomas","Garrison","Kentucky","Garrison ,  Kentucky"
"175","Rogers","Harold","Somerset","Kentucky","Somerset ,  Kentucky"
"176","Barr","Andy","Lexington","Kentucky","Lexington ,  Kentucky"
"177","Scalise","Steve","Jefferson","Louisiana","Jefferson ,  Louisiana"
"178","Richmond","Cedric","New Orleans","Louisiana","New Orleans ,  Louisiana"
"179","Boustany","Charles","Lafayette","Louisiana","Lafayette ,  Louisiana"
"180","Fleming","John","Minden","Louisiana","Minden ,  Louisiana"
"181","Abraham","Ralph","Alto","Louisiana","Alto ,  Louisiana"
"182","Graves","Garret","Baton Rouge","Louisiana","Baton Rouge ,  Louisiana"
"183","Neal","Richard","Springfield","Massachusetts","Springfield ,  Massachusetts"
"184","McGovern","James","Worcester","Massachusetts","Worcester ,  Massachusetts"
"185","Tsongas","Niki","Lowell","Massachusetts","Lowell ,  Massachusetts"
"186","Kennedy","Joseph","Brookline","Massachusetts","Brookline ,  Massachusetts"
"187","Clark","Katherine","Melrose","Massachusetts","Melrose ,  Massachusetts"
"188","Moulton","Seth","Salem","Massachusetts","Salem ,  Massachusetts"
"189","Capuano","Michael","Somerville","Massachusetts","Somerville ,  Massachusetts"
"190","Lynch","Stephen","South Boston","Massachusetts","South Boston ,  Massachusetts"
"191","Keating","William","Quincy","Massachusetts","Quincy ,  Massachusetts"
"192","Harris","Andy","Cockeysville","Maryland","Cockeysville ,  Maryland"
"193","Ruppersberger","C.","Cockeysville","Maryland","Cockeysville ,  Maryland"
"194","Sarbanes","John","Baltimore","Maryland","Baltimore ,  Maryland"
"195","Edwards","Donna","Oxon Hill","Maryland","Oxon Hill ,  Maryland"
"196","Hoyer","Steny","Mechanicsville","Maryland","Mechanicsville ,  Maryland"
"197","Delaney","John","Potomac","Maryland","Potomac ,  Maryland"
"198","Cummings","Elijah","Baltimore","Maryland","Baltimore ,  Maryland"
"199","Van Hollen","Chris","Kensington","Maryland","Kensington ,  Maryland"
"200","Pingree","Chellie","North Haven","Maine","North Haven ,  Maine"
"201","Poliquin","Bruce","Oakland","Maine","Oakland ,  Maine"
"202","Benishek","Dan","Crystal Falls","Michigan","Crystal Falls ,  Michigan"
"203","Huizenga","Bill","Zeeland","Michigan","Zeeland ,  Michigan"
"204","Amash","Justin","Cascade Township","Michigan","Cascade Township ,  Michigan"
"205","Moolenaar","John","Midland","Michigan","Midland ,  Michigan"
"206","Kildee","Daniel","Flushing","Michigan","Flushing ,  Michigan"
"207","Upton","Fred","St. Joseph","Michigan","St. Joseph ,  Michigan"
"208","Walberg","Tim","Tipton","Michigan","Tipton ,  Michigan"
"209","Bishop","Mike","Rochester","Michigan","Rochester ,  Michigan"
"210","Levin","Sander","Royal Oak","Michigan","Royal Oak ,  Michigan"
"211","Miller","Candice","Harrison Township","Michigan","Harrison Township ,  Michigan"
"212","Trott","David","Birmingham","Michigan","Birmingham ,  Michigan"
"213","Dingell","Debbie","Dearborn","Michigan","Dearborn ,  Michigan"
"214","Conyers","John","Detroit","Michigan","Detroit ,  Michigan"
"215","Lawrence","Brenda","Southfield","Michigan","Southfield ,  Michigan"
"216","Walz","Timothy","Mankato","Minnesota","Mankato ,  Minnesota"
"217","Kline","John","Burnsville","Minnesota","Burnsville ,  Minnesota"
"218","Paulsen","Erik","Eden Prairie","Minnesota","Eden Prairie ,  Minnesota"
"219","McCollum","Betty","St. Paul","Minnesota","St. Paul ,  Minnesota"
"220","Ellison","Keith","Minneapolis","Minnesota","Minneapolis ,  Minnesota"
"221","Emmer","Tom","Delano","Minnesota","Delano ,  Minnesota"
"222","Peterson","Collin","Detroit Lakes","Minnesota","Detroit Lakes ,  Minnesota"
"223","Nolan","Richard","Crosby","Minnesota","Crosby ,  Minnesota"
"224","Clay","Wm.","St. Louis","Missouri","St. Louis ,  Missouri"
"225","Wagner","Ann","Ballwin","Missouri","Ballwin ,  Missouri"
"226","Luetkemeyer","Blaine","St. Elizabeth","Missouri","St. Elizabeth ,  Missouri"
"227","Hartzler","Vicky","Harrisonville","Missouri","Harrisonville ,  Missouri"
"228","Cleaver","Emanuel","Kansas City","Missouri","Kansas City ,  Missouri"
"229","Graves","Sam","Tarkio","Missouri","Tarkio ,  Missouri"
"230","Long","Billy","Springfield","Missouri","Springfield ,  Missouri"
"231","Smith","Jason","Salem","Missouri","Salem ,  Missouri"
"232","Sablan","Gregorio","Saipan","Northern Mariana Islands","Saipan ,  Northern Mariana Islands"
"233","Kelly","Trent","Saltillo","Mississippi","Saltillo ,  Mississippi"
"234","Thompson","Bennie","Bolton","Mississippi","Bolton ,  Mississippi"
"235","Harper","Gregg","Pearl","Mississippi","Pearl ,  Mississippi"
"236","Palazzo","Steven","Biloxi","Mississippi","Biloxi ,  Mississippi"
"237","Zinke","Ryan","Whitefish","Montana","Whitefish ,  Montana"
"238","Butterfield","G.","Wilson","North Carolina","Wilson ,  North Carolina"
"239","Ellmers","Renee","Dunn","North Carolina","Dunn ,  North Carolina"
"240","Jones","Walter","Farmville","North Carolina","Farmville ,  North Carolina"
"241","Price","David","Chapel Hill","North Carolina","Chapel Hill ,  North Carolina"
"242","Foxx","Virginia","Grandfather Community","North Carolina","Grandfather Community ,  North Carolina"
"243","Walker","Mark","Summerfield","North Carolina","Summerfield ,  North Carolina"
"244","Rouzer","David","McGee's Crossroad","North Carolina","McGee's Crossroad ,  North Carolina"
"245","Hudson","Richard","Concord","North Carolina","Concord ,  North Carolina"
"246","Pittenger","Robert","Charlotte","North Carolina","Charlotte ,  North Carolina"
"247","McHenry","Patrick","Denver","North Carolina","Denver ,  North Carolina"
"248","Meadows","Mark","Cashiers","North Carolina","Cashiers ,  North Carolina"
"249","Adams","Alma","Greensboro","North Carolina","Greensboro ,  North Carolina"
"250","Holding","George","Raleigh","North Carolina","Raleigh ,  North Carolina"
"251","Cramer","Kevin","Bismarck","North Dakota","Bismarck ,  North Dakota"
"252","Fortenberry","Jeff","Lincoln","Nebraska","Lincoln ,  Nebraska"
"253","Ashford","Brad","Omaha","Nebraska","Omaha ,  Nebraska"
"254","Smith","Adrian","Gering","Nebraska","Gering ,  Nebraska"
"255","Guinta","Frank","Manchester","New Hampshire","Manchester ,  New Hampshire"
"256","Kuster","Ann","Hopkinton","New Hampshire","Hopkinton ,  New Hampshire"
"257","Norcross","Donald","Camden City","New Jersey","Camden City ,  New Jersey"
"258","LoBiondo","Frank","Ventnor","New Jersey","Ventnor ,  New Jersey"
"259","MacArthur","Thomas","Toms River","New Jersey","Toms River ,  New Jersey"
"260","Smith","Christopher","Robbinsville","New Jersey","Robbinsville ,  New Jersey"
"261","Garrett","Scott","Wantage","New Jersey","Wantage ,  New Jersey"
"262","Pallone","Frank","Long Branch","New Jersey","Long Branch ,  New Jersey"
"263","Lance","Leonard","Clinton Township","New Jersey","Clinton Township ,  New Jersey"
"264","Sires","Albio","West New York","New Jersey","West New York ,  New Jersey"
"265","Pascrell","Bill","Paterson","New Jersey","Paterson ,  New Jersey"
"266","Payne","Donald","Newark","New Jersey","Newark ,  New Jersey"
"267","Frelinghuysen","Rodney","Morristown","New Jersey","Morristown ,  New Jersey"
"268","Watson Coleman","Bonnie","Ewing Township","New Jersey","Ewing Township ,  New Jersey"
"269","Lujan Grisham","Michelle","Albuquerque","New Mexico","Albuquerque ,  New Mexico"
"270","Pearce","Stevan","Hobbs","New Mexico","Hobbs ,  New Mexico"
"271","Luján","Ben","Nambé","New Mexico","Nambé ,  New Mexico"
"272","Titus","Dina","Las Vegas","Nevada","Las Vegas ,  Nevada"
"273","Amodei","Mark","Carson City","Nevada","Carson City ,  Nevada"
"274","Heck","Joseph","Henderson","Nevada","Henderson ,  Nevada"
"275","Hardy","Cresent","Mesquite","Nevada","Mesquite ,  Nevada"
"276","Zeldin","Lee","Shirley","New York","Shirley ,  New York"
"277","King","Peter","Seaford","New York","Seaford ,  New York"
"278","Israel","Steve","Huntington","New York","Huntington ,  New York"
"279","Rice","Kathleen","Garden City","New York","Garden City ,  New York"
"280","Meeks","Gregory","Queens","New York","Queens ,  New York"
"281","Meng","Grace","Queens","New York","Queens ,  New York"
"282","Velázquez","Nydia","Brooklyn","New York","Brooklyn ,  New York"
"283","Jeffries","Hakeem","Brooklyn","New York","Brooklyn ,  New York"
"284","Clarke","Yvette","Brooklyn","New York","Brooklyn ,  New York"
"285","Nadler","Jerrold","New York","New York","New York ,  New York"
"286","Donovan","Daniel","Staten Island","New York","Staten Island ,  New York"
"287","Maloney","Carolyn","New York","New York","New York ,  New York"
"288","Rangel","Charles","New York","New York","New York ,  New York"
"289","Crowley","Joseph","Queens/Bronx","New York","Queens/Bronx ,  New York"
"290","Serrano","José","Bronx","New York","Bronx ,  New York"
"291","Engel","Eliot","Bronx","New York","Bronx ,  New York"
"292","Lowey","Nita","Harrison","New York","Harrison ,  New York"
"293","Maloney","Sean","Cold Spring","New York","Cold Spring ,  New York"
"294","Gibson","Christopher","Kinderhook","New York","Kinderhook ,  New York"
"295","Tonko","Paul","Amsterdam","New York","Amsterdam ,  New York"
"296","Stefanik","Elise","Willsboro","New York","Willsboro ,  New York"
"297","Hanna","Richard","Barneveld","New York","Barneveld ,  New York"
"298","Reed","Tom","Corning","New York","Corning ,  New York"
"299","Katko","John","Syracuse","New York","Syracuse ,  New York"
"300","Slaughter","Louise","Fairport","New York","Fairport ,  New York"
"301","Higgins","Brian","Buffalo","New York","Buffalo ,  New York"
"302","Collins","Chris","Clarence","New York","Clarence ,  New York"
"303","Chabot","Steve","Cincinnati","Ohio","Cincinnati ,  Ohio"
"304","Wenstrup","Brad","Cincinnati","Ohio","Cincinnati ,  Ohio"
"305","Beatty","Joyce","Blacklick","Ohio","Blacklick ,  Ohio"
"306","Jordan","Jim","Urbana","Ohio","Urbana ,  Ohio"
"307","Latta","Robert","Bowling Green","Ohio","Bowling Green ,  Ohio"
"308","Johnson","Bill","Marietta","Ohio","Marietta ,  Ohio"
"309","Gibbs","Bob","Lakeville","Ohio","Lakeville ,  Ohio"
"310","Davidson","Warren","Troy","Ohio","Troy ,  Ohio"
"311","Kaptur","Marcy","Toledo","Ohio","Toledo ,  Ohio"
"312","Turner","Michael","Dayton","Ohio","Dayton ,  Ohio"
"313","Fudge","Marcia","Warrensville Heights","Ohio","Warrensville Heights ,  Ohio"
"314","Tiberi","Patrick","Galena","Ohio","Galena ,  Ohio"
"315","Ryan","Tim","Niles","Ohio","Niles ,  Ohio"
"316","Joyce","David","Russell Township","Ohio","Russell Township ,  Ohio"
"317","Stivers","Steve","Columbus","Ohio","Columbus ,  Ohio"
"318","Renacci","James","Wadsworth","Ohio","Wadsworth ,  Ohio"
"319","Bridenstine","Jim","Tulsa","Oklahoma","Tulsa ,  Oklahoma"
"320","Mullin","Markwayne","Westville","Oklahoma","Westville ,  Oklahoma"
"321","Lucas","Frank","Cheyenne","Oklahoma","Cheyenne ,  Oklahoma"
"322","Cole","Tom","Moore","Oklahoma","Moore ,  Oklahoma"
"323","Russell","Steve","Oklahoma City","Oklahoma","Oklahoma City ,  Oklahoma"
"324","Bonamici","Suzanne","Washington County","Oregon","Washington County ,  Oregon"
"325","Walden","Greg","Hood River","Oregon","Hood River ,  Oregon"
"326","Blumenauer","Earl","Portland","Oregon","Portland ,  Oregon"
"327","DeFazio","Peter","Springfield","Oregon","Springfield ,  Oregon"
"328","Schrader","Kurt","Canby","Oregon","Canby ,  Oregon"
"329","Brady","Robert","Philadelphia","Pennsylvania","Philadelphia ,  Pennsylvania"
"330","","","","Pennsylvania"," ,  Pennsylvania"
"331","Kelly","Mike","Butler","Pennsylvania","Butler ,  Pennsylvania"
"332","Perry","Scott","Dillsburg","Pennsylvania","Dillsburg ,  Pennsylvania"
"333","Thompson","Glenn","Howard","Pennsylvania","Howard ,  Pennsylvania"
"334","Costello","Ryan","West Chester","Pennsylvania","West Chester ,  Pennsylvania"
"335","Meehan","Patrick","Drexel Hill","Pennsylvania","Drexel Hill ,  Pennsylvania"
"336","Fitzpatrick","Michael","Levittown","Pennsylvania","Levittown ,  Pennsylvania"
"337","Shuster","Bill","Hollidaysburg","Pennsylvania","Hollidaysburg ,  Pennsylvania"
"338","Marino","Tom","Williamsport","Pennsylvania","Williamsport ,  Pennsylvania"
"339","Barletta","Lou","Hazleton","Pennsylvania","Hazleton ,  Pennsylvania"
"340","Rothfus","Keith","Sewickley","Pennsylvania","Sewickley ,  Pennsylvania"
"341","Boyle","Brendan","Philadelphia","Pennsylvania","Philadelphia ,  Pennsylvania"
"342","Doyle","Michael","Pittsburgh","Pennsylvania","Pittsburgh ,  Pennsylvania"
"343","Dent","Charles","Allentown","Pennsylvania","Allentown ,  Pennsylvania"
"344","Pitts","Joseph","Kennett Square","Pennsylvania","Kennett Square ,  Pennsylvania"
"345","Cartwright","Matt","Moosic","Pennsylvania","Moosic ,  Pennsylvania"
"346","Murphy","Tim","Pittsburgh","Pennsylvania","Pittsburgh ,  Pennsylvania"
"347","Pierluisi","Pedro","San Juan","Puerto Rico","San Juan ,  Puerto Rico"
"348","Cicilline","David","Providence","Rhode Island","Providence ,  Rhode Island"
"349","Langevin","James","Warwick","Rhode Island","Warwick ,  Rhode Island"
"350","Sanford","Mark","Charleston","South Carolina","Charleston ,  South Carolina"
"351","Wilson","Joe","Springdale","South Carolina","Springdale ,  South Carolina"
"352","Duncan","Jeff","Laurens","South Carolina","Laurens ,  South Carolina"
"353","Gowdy","Trey","Spartanburg","South Carolina","Spartanburg ,  South Carolina"
"354","Mulvaney","Mick","Lancaster","South Carolina","Lancaster ,  South Carolina"
"355","Clyburn","James","Columbia","South Carolina","Columbia ,  South Carolina"
"356","Rice","Tom","Myrtle Beach","South Carolina","Myrtle Beach ,  South Carolina"
"357","Noem","Kristi","Castlewood","South Dakota","Castlewood ,  South Dakota"
"358","Roe","David","Johnson City","Tennessee","Johnson City ,  Tennessee"
"359","Duncan","John","Knoxville","Tennessee","Knoxville ,  Tennessee"
"360","Fleischmann","Charles","Chattanooga","Tennessee","Chattanooga ,  Tennessee"
"361","DesJarlais","Scott","South Pittsburg","Tennessee","South Pittsburg ,  Tennessee"
"362","Cooper","Jim","Nashville","Tennessee","Nashville ,  Tennessee"
"363","Black","Diane","Gallatin","Tennessee","Gallatin ,  Tennessee"
"364","Blackburn","Marsha","Brentwood","Tennessee","Brentwood ,  Tennessee"
"365","Fincher","Stephen","Frog Jump","Tennessee","Frog Jump ,  Tennessee"
"366","Cohen","Steve","Memphis","Tennessee","Memphis ,  Tennessee"
"367","Gohmert","Louie","Tyler","Texas","Tyler ,  Texas"
"368","Poe","Ted","Atascocita","Texas","Atascocita ,  Texas"
"369","Johnson","Sam","Plano","Texas","Plano ,  Texas"
"370","Ratcliffe","John","Heath","Texas","Heath ,  Texas"
"371","Hensarling","Jeb","Dallas","Texas","Dallas ,  Texas"
"372","Barton","Joe","Ennis","Texas","Ennis ,  Texas"
"373","Culberson","John","Houston","Texas","Houston ,  Texas"
"374","Brady","Kevin","The Woodlands","Texas","The Woodlands ,  Texas"
"375","Green","Al","Houston","Texas","Houston ,  Texas"
"376","McCaul","Michael","Austin","Texas","Austin ,  Texas"
"377","Conaway","K.","Midland","Texas","Midland ,  Texas"
"378","Granger","Kay","Fort Worth","Texas","Fort Worth ,  Texas"
"379","Thornberry","Mac","Clarendon","Texas","Clarendon ,  Texas"
"380","Weber","Randy","Friendswood","Texas","Friendswood ,  Texas"
"381","Hinojosa","Rubén","McAllen","Texas","McAllen ,  Texas"
"382","O'Rourke","Beto","El Paso","Texas","El Paso ,  Texas"
"383","Flores","Bill","Bryan","Texas","Bryan ,  Texas"
"384","Jackson Lee","Sheila","Houston","Texas","Houston ,  Texas"
"385","Neugebauer","Randy","Lubbock","Texas","Lubbock ,  Texas"
"386","Castro","Joaquin","San Antonio","Texas","San Antonio ,  Texas"
"387","Smith","Lamar","San Antonio","Texas","San Antonio ,  Texas"
"388","Olson","Pete","Sugar Land","Texas","Sugar Land ,  Texas"
"389","Hurd","Will","San Antonio","Texas","San Antonio ,  Texas"
"390","Marchant","Kenny","Coppell","Texas","Coppell ,  Texas"
"391","Williams","Roger","Austin","Texas","Austin ,  Texas"
"392","Burgess","Michael","Lewisville","Texas","Lewisville ,  Texas"
"393","Farenthold","Blake","Corpus Christi","Texas","Corpus Christi ,  Texas"
"394","Cuellar","Henry","Laredo","Texas","Laredo ,  Texas"
"395","Green","Gene","Houston","Texas","Houston ,  Texas"
"396","Johnson","Eddie","Dallas","Texas","Dallas ,  Texas"
"397","Carter","John","Round Rock","Texas","Round Rock ,  Texas"
"398","Sessions","Pete","Dallas","Texas","Dallas ,  Texas"
"399","Veasey","Marc","Fort Worth","Texas","Fort Worth ,  Texas"
"400","Vela","Filemon","Brownsville","Texas","Brownsville ,  Texas"
"401","Doggett","Lloyd","Austin","Texas","Austin ,  Texas"
"402","Babin","Brian","Woodville","Texas","Woodville ,  Texas"
"403","Bishop","Rob","Brigham City","Utah","Brigham City ,  Utah"
"404","Stewart","Chris","Farmington","Utah","Farmington ,  Utah"
"405","Chaffetz","Jason","Alpine","Utah","Alpine ,  Utah"
"406","Love","Mia","Saratoga Springs","Utah","Saratoga Springs ,  Utah"
"407","Wittman","Robert","Montross","Virginia","Montross ,  Virginia"
"408","Rigell","E.","Virginia Beach","Virginia","Virginia Beach ,  Virginia"
"409","Scott","Robert","Newport News","Virginia","Newport News ,  Virginia"
"410","Forbes","J.","Chesapeake","Virginia","Chesapeake ,  Virginia"
"411","Hurt","Robert","Chatham","Virginia","Chatham ,  Virginia"
"412","Goodlatte","Bob","Roanoke","Virginia","Roanoke ,  Virginia"
"413","Brat","Dave","Glen Allen","Virginia","Glen Allen ,  Virginia"
"414","Beyer","Donald","Alexandria","Virginia","Alexandria ,  Virginia"
"415","Griffith","H.","Salem","Virginia","Salem ,  Virginia"
"416","Comstock","Barbara","McLean","Virginia","McLean ,  Virginia"
"417","Connolly","Gerald","Fairfax","Virginia","Fairfax ,  Virginia"
"418","Plaskett","Stacey","St. Croix","Virgin Islands","St. Croix ,  Virgin Islands"
"419","Welch","Peter","Norwich","Vermont","Norwich ,  Vermont"
"420","DelBene","Suzan","Medina","Washington","Medina ,  Washington"
"421","Larsen","Rick","Everett","Washington","Everett ,  Washington"
"422","Herrera Beutler","Jaime","Camas","Washington","Camas ,  Washington"
"423","Newhouse","Dan","Sunnyside","Washington","Sunnyside ,  Washington"
"424","McMorris Rodgers","Cathy","Spokane","Washington","Spokane ,  Washington"
"425","Kilmer","Derek","Gig Harbor","Washington","Gig Harbor ,  Washington"
"426","McDermott","Jim","Seattle","Washington","Seattle ,  Washington"
"427","Reichert","David","Auburn","Washington","Auburn ,  Washington"
"428","Smith","Adam","Tacoma","Washington","Tacoma ,  Washington"
"429","Heck","Denny","Olympia","Washington","Olympia ,  Washington"
"430","Ryan","Paul","Janesville","Wisconsin","Janesville ,  Wisconsin"
"431","Pocan","Mark","Madison","Wisconsin","Madison ,  Wisconsin"
"432","Kind","Ron","La Crosse","Wisconsin","La Crosse ,  Wisconsin"
"433","Moore","Gwen","Milwaukee","Wisconsin","Milwaukee ,  Wisconsin"
"434","Sensenbrenner","F.","Menomonee Falls","Wisconsin","Menomonee Falls ,  Wisconsin"
"435","Grothman","Glenn","Campbellsport","Wisconsin","Campbellsport ,  Wisconsin"
"436","Duffy","Sean","Wausau","Wisconsin","Wausau ,  Wisconsin"
"437","Ribble","Reid","Sherwood","Wisconsin","Sherwood ,  Wisconsin"
"438","McKinley","David","Wheeling","West Virginia","Wheeling ,  West Virginia"
"439","Mooney","Alexander","Charles Town","West Virginia","Charles Town ,  West Virginia"
"440","Jenkins","Evan","Huntington","West Virginia","Huntington ,  West Virginia"
"441","Lummis","Cynthia","Cheyenne","Wyoming","Cheyenne ,  Wyoming"
